number,S1,S2,S3,Total,Anchor,Pass,level,tokuten1,tokuten2,tokuten3
24020189032030,15.457978385251113,29.555555555555557,32.05833333333334,69,0,3,13.850348633184998,26.48177777777778,28.724266666666672
24020189042010,55.46634615384615,0,30.171428571428567,31,0,4,44.15121153846154,0,24.016457142857142
24020189042040,40.043269230769226,0,33.38571428571428,41,0,4,31.874442307692306,0,26.575028571428568
24020189042050,68.51923076923077,0,30.171428571428567,26,0,4,54.5413076923077,0,24.016457142857142
24020189043010,57.34615384615385,0,40.135714285714286,100,1,4,45.64753846153847,0,31.948028571428573
24020189043020,73.83653846153845,0,29.549999999999997,71,1,4,58.77388461538461,0,23.5218
24020189043030,56.85096153846154,0,41.35714285714286,54,1,4,45.253365384615385,0,32.92028571428572
24020189043040,96.95192307692308,0,32.07857142857143,71,1,4,77.17373076923077,0,25.53454285714286
24020189043060,78.77884615384616,0,37.52142857142857,67,1,4,62.70796153846155,0,29.867057142857146
24020189043080,92.58173076923077,0,42.042857142857144,87,1,4,73.6950576923077,0,33.46611428571429
24020889042020,37.98557692307692,0,18.621428571428574,23,0,4,30.23651923076923,0,14.822657142857146
24020889042030,56.27884615384615,0,37.199999999999996,67,1,4,44.79796153846154,0,29.611199999999997
24020889042070,35.480769230769226,0,37.86428571428571,64,0,4,28.242692307692305,0,30.139971428571425
24020889043010,47.72115384615385,0,23.421428571428574,74,0,4,37.98603846153846,0,18.643457142857145
24020889043020,78.82692307692308,0,33.34285714285714,87,1,4,62.74623076923078,0,26.540914285714287
24020889043070,68.60096153846155,0,34.32857142857142,51,1,4,54.606365384615394,0,27.325542857142853
24021589032020,32.44157660521297,43.33333333333333,41.53333333333334,69,1,3,29.067652638270825,38.82666666666666,37.213866666666675
24021589042030,34.04807692307692,0,10.928571428571427,13,0,4,27.10226923076923,0,8.699142857142856
24021589042040,45.16346153846154,0,24.664285714285718,58,0,4,35.95011538461539,0,19.632771428571434
24021589042050,71.21634615384616,0,42.042857142857144,55,1,4,56.688211538461545,0,33.46611428571429
24021589043010,49.793269230769226,0,34.05,35,0,4,39.63544230769231,0,27.1038
24021589043020,72.97115384615384,0,18.942857142857143,77,0,4,58.08503846153846,0,15.078514285714286
24021589043030,103.07211538461539,0,35.91428571428571,81,1,4,82.04540384615385,0,28.58777142857143
24021589043050,61.53365384615385,0,32.72142857142857,49,0,4,48.98078846153847,0,26.04625714285714
24021589043060,81.58173076923077,0,41.05714285714286,81,1,4,64.9390576923077,0,32.681485714285714
24021589043070,50.331730769230774,0,29.485714285714284,62,0,4,40.0640576923077,0,23.47062857142857
24021589043080,88.02403846153845,0,25.37142857142857,59,1,4,70.06713461538462,0,20.195657142857144
24022289032020,35.169802924348375,23.77777777777778,39.1875,69,1,3,31.512143420216145,21.30488888888889,35.112
24022289033040,28.615066751430387,38.0,31.295833333333334,0,0,3,25.63909980928163,34.048,28.04106666666667
24022289042030,65.08653846153845,0,52.30714285714286,71,1,4,51.80888461538461,0,41.63648571428572
24022289042050,55.34615384615385,0,39.792857142857144,71,1,4,44.05553846153846,0,31.67511428571429
24022289043010,67.85096153846155,0,16.07142857142857,73,0,4,54.00936538461539,0,12.792857142857143
24022289043030,85.96153846153845,0,35.91428571428571,87,1,4,68.42538461538462,0,28.58777142857143
24022289043050,82.14423076923077,0,41.357142857142854,81,1,4,65.3868076923077,0,32.92028571428571
24022289043060,64.66346153846155,0,30.814285714285717,35,0,4,51.47211538461539,0,24.528171428571433
24022989032010,34.77310870947235,36.22222222222222,40.05833333333334,85,1,3,31.15670540368723,32.45511111111111,35.89226666666667
24022989032080,31.24294342021615,38.22222222222223,46.05833333333334,85,1,3,27.99367730451367,34.24711111111112,41.26826666666667
24022989042060,47.34615384615385,0,42.34285714285715,55,0,4,37.687538461538466,0,33.704914285714295
24022989043010,78.27403846153845,0,37.2,77,1,4,62.306134615384615,0,29.611200000000004
24022989043030,29.115384615384613,0,22.757142857142856,0,0,4,23.17584615384615,0,18.114685714285713
24022989043040,79.71634615384616,0,46.864285714285714,87,1,4,63.45421153846155,0,37.30397142857143
24022989043060,67.33173076923077,0,51.32142857142857,100,1,4,53.596057692307696,0,40.85185714285714
24030789033010,36.12949777495232,34.22222222222223,41.016666666666666,92,1,3,32.37203000635728,30.663111111111117,36.750933333333336
24030789033040,45.2174507310871,54.22222222222223,54.14583333333333,85,1,3,40.51483585505404,48.583111111111116,48.51466666666666
24030789033070,27.983439287984744,20.88888888888889,30.445833333333333,93,0,3,25.073161602034332,18.716444444444445,27.279466666666668
24030789042050,40.668269230769226,0,26.292857142857144,87,0,4,32.37194230769231,0,20.929114285714288
24030789042070,84.34134615384616,0,32.07857142857143,87,1,4,67.13571153846155,0,25.53454285714286
24030789043030,98.13461538461539,0,45.23571428571429,78,1,4,78.11515384615385,0,36.007628571428576
24030789043080,97.70192307692308,0,40.47857142857143,55,1,4,77.77073076923078,0,32.22094285714286
24031489032050,28.182549268912908,23.111111111111114,44.07083333333333,69,1,3,25.251564144945966,20.707555555555558,39.48746666666667
24031489033010,41.20870947234584,41.55555555555556,45.64583333333333,69,1,3,36.92300368722187,37.23377777777778,40.898666666666664
24031489033020,27.037984742530195,12.0,52.15833333333333,84,0,3,24.226034329307055,10.752,46.733866666666664
24031489042020,35.36538461538461,0,22.435714285714287,23,0,4,28.150846153846153,0,17.858828571428575
24031489042070,69.70192307692308,0,34.67142857142857,81,1,4,55.48273076923078,0,27.598457142857143
24032189042010,46.84134615384615,0,21.49285714285714,33,0,4,37.28571153846154,0,17.108314285714286
24032189042020,26.365384615384613,0,26.657142857142855,23,0,4,20.98684615384615,0,21.219085714285715
24032555051010,76.51190476190476,0,29.485714285714284,61,1,5,53.55833333333333,0,20.639999999999997
24032755052010,65.1563492063492,0,32.91428571428571,70,1,5,45.60944444444444,0,23.039999999999996
24032855051030,46.12777777777778,0,29.17142857142857,70,0,5,32.28944444444444,0,20.419999999999998
24032889032020,37.55327399872855,4.0,30.179166666666667,93,0,3,33.64773350286078,3.584,27.040533333333336
24032889042040,39.04807692307692,0,18.0,35,0,4,31.08226923076923,0,14.328000000000001
24032889042060,26.870192307692307,0,21.192857142857143,22,0,4,21.388673076923077,0,16.86951428571429
24032889042070,31.860576923076923,0,13.478571428571428,23,0,4,25.361019230769234,0,10.728942857142856
24032889043010,64.98076923076923,0,37.52142857142857,77,1,4,51.72469230769231,0,29.867057142857146
24032889043030,75.82211538461539,0,48.77142857142857,81,1,4,60.35440384615385,0,38.82205714285715
24032955041010,47.71153846153846,0,30.792857142857144,68,0,4,37.97838461538461,0,24.51111428571429
24040155042010,62.10096153846154,0,18.299999999999997,49,0,4,49.43236538461539,0,14.566799999999999
24040455051010,72.9015873015873,0,38.714285714285715,75,1,5,51.03111111111111,0,27.099999999999998
24040489032050,17.748188175460903,17.333333333333336,25.545833333333334,29,0,3,15.90237660521297,15.530666666666669,22.88906666666667
24040489033010,47.040877304513664,27.333333333333332,28.5625,81,1,3,42.148626064844244,24.490666666666666,25.592000000000002
24040489033040,26.028607755880483,18.666666666666668,52.78333333333334,92,0,3,23.321632549268912,16.725333333333335,47.29386666666667
24040489033060,24.6340750158932,25.555555555555557,39.54166666666667,100,1,3,22.072131214240308,22.89777777777778,35.42933333333334
24040489033070,40.08922441195169,24.888888888888893,17.725,73,0,3,35.919945073108714,22.300444444444448,15.881600000000002
24040489042030,76.27403846153845,0,36.94285714285714,64,1,4,60.71413461538461,0,29.406514285714287
24040489042080,71.27403846153845,0,40.114285714285714,68,1,4,56.73413461538461,0,31.93097142857143
24040555052010,56.96349206349206,0,27.34285714285714,60,1,5,39.87444444444444,0,19.139999999999997
24040855042030,62.144230769230774,0,34.949999999999996,62,1,4,49.4668076923077,0,27.820199999999996
24040855052010,61.289682539682545,0,25.742857142857144,77,0,5,42.90277777777778,0,18.02
24040955042010,41.53846153846154,0,15.085714285714284,50,0,4,33.06461538461539,0,12.008228571428571
24040955042020,43.668269230769226,0,10.564285714285715,23,0,4,34.759942307692306,0,8.40917142857143
24040955042030,46.17788461538461,0,15.385714285714286,19,0,4,36.75759615384615,0,12.247028571428572
24040955042040,11.307692307692308,0,9.321428571428573,0,0,4,9.000923076923078,0,7.419857142857144
24040955042050,17.365384615384613,0,8.014285714285714,13,0,4,13.822846153846152,0,6.379371428571429
24041055051010,62.23015873015873,0,18.114285714285714,71,0,5,43.56111111111111,0,12.68
24041055052010,43.37460317460317,0,24.34285714285714,68,0,5,30.36222222222222,0,17.04
24041155041010,60.47115384615385,0,24.385714285714286,78,0,4,48.135038461538464,0,19.411028571428574
24041155051020,81.61825396825397,0,29.485714285714284,74,1,5,57.132777777777775,0,20.639999999999997
24041155051030,56.62301587301587,0,21.771428571428572,70,0,5,39.636111111111106,0,15.24
24041155051040,38.2,0,18.771428571428572,23,0,5,26.740000000000002,0,13.14
24041155051060,54.81269841269841,0,14.142857142857142,35,0,5,38.36888888888888,0,9.899999999999999
24041155051070,39.93650793650794,0,11.8,25,0,5,27.955555555555556,0,8.26
24041155051080,56.5452380952381,0,28.742857142857144,74,1,5,39.58166666666666,0,20.12
24041155051090,89.6626984126984,0,29.914285714285715,79,1,5,62.76388888888888,0,20.939999999999998
24041189032030,31.714558169103626,28.666666666666664,16.091666666666665,36,0,3,28.41624411951685,25.685333333333332,14.418133333333332
24041189032040,27.19647171010807,16.22222222222222,37.204166666666666,56,0,3,24.368038652256832,14.53511111111111,33.33493333333333
24041189033020,30.964907819453277,24.666666666666664,22.445833333333333,44,0,3,27.744557406230136,22.101333333333333,20.111466666666665
24041189042010,70.03365384615384,0,28.864285714285717,100,1,4,55.74678846153846,0,22.975971428571434
24041555041030,85.90384615384616,0,18.299999999999997,45,0,4,68.37946153846154,0,14.566799999999999
24041555051010,67.22222222222223,0,33.14285714285714,43,0,5,47.05555555555556,0,23.199999999999996
24041555051020,83.27777777777777,0,32.48571428571428,88,1,5,58.29444444444444,0,22.739999999999995
24041555051040,58.39682539682539,0,21.771428571428572,23,0,5,40.87777777777777,0,15.24
24041555051050,54.62380952380952,0,31.085714285714285,68,1,5,38.236666666666665,0,21.759999999999998
24041555052010,64.56746031746032,0,20.8,58,0,5,45.197222222222216,0,14.559999999999999
24041655041020,56.418269230769226,0,20.507142857142856,45,0,4,44.90894230769231,0,16.323685714285716
24041755051010,37.18095238095238,0,15.971428571428572,61,0,5,26.026666666666664,0,11.18
24041855041030,51.21634615384615,0,27.92142857142857,36,0,4,40.76821153846154,0,22.225457142857145
24041855051040,56.31269841269841,0,16.2,57,0,5,39.41888888888889,0,11.339999999999998
24041889032050,40.24087730451367,22.0,38.17916666666667,52,1,3,36.05582606484425,19.712,34.208533333333335
24041889033030,31.730896376350927,35.33333333333333,32.67916666666667,65,1,3,28.43088315321043,31.65866666666666,29.280533333333334
24041955041010,40.97596153846154,0,25.971428571428575,49,0,4,32.61686538461539,0,20.673257142857146
24041955051020,59.03333333333333,0,36.57142857142857,82,1,5,41.32333333333333,0,25.599999999999998
24041955052010,34.93730158730159,0,16.942857142857143,43,0,5,24.456111111111113,0,11.86
24041955052020,41.675396825396824,0,17.685714285714283,62,0,5,29.172777777777775,0,12.379999999999997
24041955052030,52.99285714285715,0,35.48571428571428,57,0,5,37.095,0,24.839999999999996
24041955052040,39.61349206349206,0,27.34285714285714,41,0,5,27.72944444444444,0,19.139999999999997
24042255042010,63.269230769230774,0,42.364285714285714,74,1,4,50.362307692307695,0,33.72197142857143
24042255051020,28.624603174603173,0,17.371428571428574,25,0,5,20.03722222222222,0,12.16
24042255052020,63.9015873015873,0,14.371428571428572,46,0,5,44.731111111111105,0,10.06
24042255052030,35.74920634920635,0,21.34285714285714,50,0,5,25.02444444444444,0,14.939999999999998
24042255052040,26.615873015873017,0,21.114285714285714,50,0,5,18.63111111111111,0,14.78
24042355042010,57.918269230769226,0,30.47142857142857,58,1,4,46.10294230769231,0,24.255257142857143
24042355051010,48.34206349206349,0,19.514285714285712,62,0,5,33.83944444444444,0,13.659999999999998
24042455051010,79.16666666666666,0,30.65714285714286,68,1,5,55.41666666666666,0,21.46
24042455051020,40.36825396825397,0,20.17142857142857,23,0,5,28.257777777777775,0,14.12
24042455051030,45.59603174603175,0,31.742857142857144,64,0,5,31.91722222222222,0,22.22
24042455051040,78.25555555555556,0,31.314285714285717,68,1,5,54.778888888888886,0,21.92
24042555042010,75.47115384615384,0,28.221428571428575,59,1,4,60.07503846153846,0,22.464257142857146
24042555051010,52.53095238095238,0,21.771428571428572,45,0,5,36.77166666666666,0,15.24
24042555051020,79.87857142857143,0,33.14285714285714,54,1,5,55.915,0,23.199999999999996
24042555051030,49.168253968253964,0,35.05714285714286,56,0,5,34.41777777777777,0,24.54
24042555051040,67.61825396825397,0,16.2,23,0,5,47.33277777777777,0,11.339999999999998
24042555051050,33.630158730158726,0,9.542857142857143,23,0,5,23.541111111111107,0,6.68
24042555051060,31.356349206349204,0,31.742857142857144,29,0,5,21.949444444444442,0,22.22
24042555051080,44.58571428571429,0,22.514285714285712,46,0,5,31.21,0,15.759999999999998
24042555051100,35.05238095238095,0,25.314285714285717,44,0,5,24.536666666666665,0,17.72
24042589032040,28.520915448188177,22.0,37.55833333333334,56,1,3,25.554740241576607,19.712,33.65226666666667
24042589042030,44.668269230769226,0,28.2,31,0,4,35.555942307692305,0,22.447200000000002
24042589043020,93.34615384615384,0,47.785714285714285,87,1,4,74.30353846153847,0,38.03742857142857
24042589043030,80.52884615384616,0,47.50714285714286,64,1,4,64.10096153846155,0,37.81568571428572
24042589052070,103.81746031746032,0,47.714285714285715,82,1,5,72.67222222222222,0,33.4
24042589053010,92.07857142857142,0,49.85714285714286,88,1,5,64.455,0,34.9
24043055041070,15.865384615384615,0,22.799999999999997,22,0,4,12.628846153846155,0,18.148799999999998
24043055042010,80.39423076923077,0,35.957142857142856,77,1,4,63.9938076923077,0,28.621885714285714
24043055051010,58.638888888888886,0,34.31428571428572,100,1,5,41.04722222222222,0,24.02
24043055051020,58.5,0,25.085714285714285,23,0,5,40.949999999999996,0,17.56
24043055051040,70.69603174603175,0,29.714285714285715,50,1,5,49.48722222222222,0,20.8
24043055052020,74.9,0,36.22857142857143,55,1,5,52.43,0,25.36
24043055052030,80.60079365079365,0,19.085714285714285,79,0,5,56.42055555555555,0,13.36
24043055052040,21.3468253968254,0,14.371428571428572,0,0,5,14.942777777777778,0,10.06
24050155051010,92.66666666666666,0,42.028571428571425,68,1,5,64.86666666666666,0,29.419999999999995
24050155052010,57.26746031746032,0,17.371428571428574,71,0,5,40.08722222222222,0,12.16
24050155052020,41.551587301587304,0,10.714285714285714,29,0,5,29.086111111111112,0,7.499999999999999
24050255052010,79.27301587301588,0,13.714285714285714,67,0,5,55.49111111111111,0,9.6
24050289032040,34.20416401780038,34.0,41.425000000000004,85,1,3,30.64693095994914,30.464000000000002,37.116800000000005
24050355052010,70.85238095238095,0,42.457142857142856,55,1,5,49.596666666666664,0,29.719999999999995
24050455051010,71.71825396825398,0,34.31428571428572,82,1,5,50.20277777777778,0,24.02
24050455052010,68.03333333333333,0,36.885714285714286,79,1,5,47.62333333333333,0,25.82
24050655031010,11.920025429116338,10.88888888888889,28.458333333333336,66,0,3,10.68034278448824,9.756444444444446,25.49866666666667
24050655031020,29.485282898919266,17.77777777777778,26.058333333333337,100,0,3,26.418813477431662,15.92888888888889,23.34826666666667
24050655031030,20.99322949777495,20.666666666666664,32.166666666666664,64,0,3,18.809933630006356,18.517333333333333,28.82133333333333
24050655052010,33.705555555555556,0,22.942857142857143,50,0,5,23.593888888888888,0,16.06
24050655052020,55.034126984126985,0,25.942857142857143,75,0,5,38.523888888888884,0,18.16
24050655052030,92.97936507936508,0,24.34285714285714,50,0,5,65.08555555555556,0,17.04
24050655052040,32.9531746031746,0,13.714285714285714,43,0,5,23.06722222222222,0,9.6
24050655052050,43.56825396825397,0,19.942857142857143,67,0,5,30.497777777777777,0,13.959999999999999
24050655052060,39.36984126984127,0,14.8,46,0,5,27.558888888888884,0,10.36
24050655053010,71.26269841269841,0,19.942857142857143,82,0,5,49.88388888888888,0,13.959999999999999
24050755051010,66.18571428571428,0,25.514285714285716,89,0,5,46.33,0,17.86
24050989032020,39.37619198982836,20.666666666666664,44.52916666666667,85,0,3,35.28106802288621,18.517333333333333,39.898133333333334
24050989042040,65.78846153846155,0,34.99285714285714,67,1,4,52.36761538461539,0,27.854314285714285
24051055051010,66.03333333333333,0,33.57142857142857,61,1,5,46.22333333333333,0,23.499999999999996
24051055051020,25.757142857142856,0,14.371428571428572,50,0,5,18.029999999999998,0,10.06
24051055051030,100.40079365079364,0,49.42857142857143,100,1,5,70.28055555555555,0,34.6
24051055052010,45.103968253968254,0,42.028571428571425,57,0,5,31.572777777777777,0,29.419999999999995
24051055052020,106.87301587301587,0,47.6,100,1,5,74.8111111111111,0,33.32
24051055053020,41.76269841269841,0,17.371428571428574,25,0,5,29.233888888888888,0,12.16
24051055053030,77.87301587301587,0,45.457142857142856,100,1,5,54.511111111111106,0,31.819999999999997
24051355041010,68.82692307692308,0,21.79285714285714,45,0,4,54.78623076923078,0,17.347114285714284
24051355052010,67.97380952380952,0,20.371428571428574,71,0,5,47.58166666666666,0,14.26
24051355052020,34.219047619047615,0,26.91428571428571,56,0,5,23.95333333333333,0,18.839999999999996
24051355052030,36.869841269841274,0,29.485714285714284,39,0,5,25.80888888888889,0,20.639999999999997
24051355053010,65.8452380952381,0,35.48571428571428,59,1,5,46.09166666666667,0,24.839999999999996
24051455051010,48.84603174603174,0,29.6,59,0,5,34.19222222222221,0,20.72
24051455051020,53.38968253968254,0,19.514285714285712,46,0,5,37.37277777777778,0,13.659999999999998
24051455051030,44.108730158730154,0,18.771428571428572,68,0,5,30.876111111111104,0,13.14
24051455051040,53.446825396825396,0,19.942857142857143,61,0,5,37.41277777777778,0,13.959999999999999
24051555031010,33.841640178003814,20.22222222222222,53.38333333333334,85,0,3,30.32210959949142,18.11911111111111,47.83146666666667
24051655051020,62.0452380952381,0,35.714285714285715,56,1,5,43.431666666666665,0,25.0
24051655051030,61.94047619047619,0,34.31428571428572,89,1,5,43.35833333333333,0,24.02
24051655053010,49.484920634920634,0,15.114285714285714,82,0,5,34.63944444444444,0,10.579999999999998
24051689032020,18.258582326764145,19.111111111111114,50.03333333333334,77,0,3,16.359689764780676,17.12355555555556,44.829866666666675
24051755051010,105.19444444444444,0,29.485714285714284,68,1,5,73.6361111111111,0,20.639999999999997
24051755051030,83.11269841269842,0,31.314285714285717,61,1,5,58.17888888888889,0,21.92
24052055041050,39.53365384615385,0,24.685714285714283,48,0,4,31.468788461538463,0,19.64982857142857
24052055041060,61.22115384615385,0,26.957142857142856,45,0,4,48.732038461538465,0,21.457885714285712
24052055041070,69.53365384615384,0,18.27857142857143,42,0,4,55.34878846153846,0,14.549742857142858
24052055042010,55.72115384615385,0,12.857142857142856,36,0,4,44.354038461538465,0,10.234285714285713
24052055043030,36.22596153846154,0,17.65714285714286,54,0,4,28.83586538461539,0,14.055085714285717
24052055051020,100.38492063492063,0,39.885714285714286,70,1,5,70.26944444444443,0,27.919999999999998
24052055051030,61.60079365079365,0,25.514285714285716,86,0,5,43.12055555555555,0,17.86
24052055051040,39.50714285714285,0,32.91428571428571,57,0,5,27.654999999999994,0,23.039999999999996
24052055051090,63.55079365079365,0,40.628571428571426,100,1,5,44.48555555555555,0,28.439999999999998
24052055051110,27.03253968253968,0,12.542857142857143,12,0,5,18.922777777777775,0,8.78
24052055051120,13.13888888888889,0,28.085714285714285,30,0,5,9.197222222222221,0,19.66
24052055052020,55.391269841269846,0,21.34285714285714,44,0,5,38.77388888888889,0,14.939999999999998
24052055052040,64.43888888888888,0,52.42857142857143,89,1,5,45.10722222222221,0,36.699999999999996
24052055052050,35.04206349206349,0,9.971428571428572,11,0,5,24.529444444444444,0,6.9799999999999995
24052055052060,23.036507936507938,0,8.571428571428571,32,0,5,16.125555555555557,0,5.999999999999999
24052055052080,57.4531746031746,0,12.114285714285714,23,0,5,40.21722222222222,0,8.479999999999999
24052055052090,10.3,0,6.0,14,0,5,7.21,0,4.199999999999999
24052055053020,58.54523809523809,0,34.08571428571429,44,0,5,40.98166666666666,0,23.86
24052055053040,10.404761904761905,0,28.742857142857144,21,0,5,7.283333333333333,0,20.12
24052055053050,94.33333333333333,0,35.91428571428571,82,1,5,66.03333333333333,0,25.139999999999997
24052055053060,35.50873015873016,0,21.114285714285714,41,0,5,24.85611111111111,0,14.78
24052055053070,17.215873015873015,0,23.25714285714286,43,0,5,12.05111111111111,0,16.28
24052055053080,24.703174603174602,0,18.114285714285714,35,0,5,17.29222222222222,0,12.68
24052155041010,38.78365384615385,0,21.47142857142857,23,0,4,30.871788461538465,0,17.091257142857145
24052155041020,44.96634615384615,0,18.3,36,0,4,35.79321153846154,0,14.5668
24052155041040,45.918269230769226,0,18.92142857142857,45,0,4,36.5509423076923,0,15.061457142857144
24052255041040,74.38942307692308,0,27.32142857142857,86,1,4,59.21398076923077,0,21.747857142857143
24052255051010,36.87857142857143,0,16.942857142857143,43,0,5,25.815,0,11.86
24052255051060,38.75079365079365,0,31.514285714285716,82,0,5,27.125555555555557,0,22.06
24052255052010,79.30555555555556,0,39.457142857142856,88,1,5,55.513888888888886,0,27.619999999999997
24052255052020,95.65079365079366,0,47.285714285714285,88,1,5,66.95555555555556,0,33.099999999999994
24052255052030,71.5404761904762,0,30.34285714285714,82,1,5,50.07833333333333,0,21.24
24052255052040,86.72936507936508,0,50.285714285714285,89,1,5,60.71055555555555,0,35.199999999999996
24052355052010,89.17222222222222,0,38.285714285714285,79,1,5,62.420555555555545,0,26.799999999999997
24052355052020,87.80555555555554,0,45.457142857142856,88,1,5,61.463888888888874,0,31.819999999999997
24052389032010,34.27434837889383,38.22222222222223,40.925000000000004,56,1,3,30.709816147488876,34.24711111111112,36.668800000000005
24052389032020,22.70756516211062,4.0,16.337500000000002,44,0,3,20.345978385251115,3.584,14.638400000000003
24052389032040,30.00877304513668,32.88888888888889,35.05416666666667,92,1,3,26.887860648442466,29.468444444444447,31.408533333333335
24052389032050,22.107279084551813,24.22222222222222,14.954166666666667,12,0,3,19.808122059758425,21.70311111111111,13.398933333333334
24052389032060,34.226541640178006,19.111111111111114,44.28333333333334,85,0,3,30.666981309599493,17.12355555555556,39.677866666666674
24052555051010,85.41666666666666,0,35.48571428571428,100,1,5,59.79166666666666,0,24.839999999999996
24052555052020,60.26190476190476,0,41.714285714285715,70,1,5,42.18333333333333,0,29.2
24052555052030,45.47936507936508,0,19.942857142857143,68,0,5,31.835555555555555,0,13.959999999999999
24052555052050,78.2579365079365,0,27.34285714285714,23,0,5,54.78055555555555,0,19.139999999999997
24052555052070,65.26269841269841,0,25.742857142857144,49,0,5,45.68388888888889,0,18.02
24052555052080,56.439682539682536,0,32.48571428571428,89,1,5,39.507777777777775,0,22.739999999999995
24052755041010,65.32692307692308,0,33.042857142857144,100,1,4,52.000230769230775,0,26.30211428571429
24052755041020,22.485576923076923,0,14.07857142857143,23,0,4,17.89851923076923,0,11.206542857142859
24052755043010,48.72115384615385,0,20.87142857142857,87,0,4,38.78203846153846,0,16.613657142857143
24052755051030,62.11269841269841,0,29.914285714285715,100,1,5,43.47888888888888,0,20.939999999999998
24052755051040,56.38492063492063,0,26.6,39,0,5,39.46944444444444,0,18.62
24052755051050,93.65079365079364,0,47.714285714285715,100,1,5,65.55555555555554,0,33.4
24052755053030,93.45634920634922,0,38.05714285714286,57,1,5,65.41944444444445,0,26.639999999999997
24052855051100,49.93412698412698,0,27.34285714285714,88,0,5,34.95388888888888,0,19.139999999999997
24052855051110,72.70634920634922,0,24.34285714285714,75,0,5,50.894444444444446,0,17.04
24052855051120,55.862698412698414,0,28.514285714285716,100,1,5,39.10388888888889,0,19.96
24052955041010,41.21634615384615,0,17.978571428571428,42,0,4,32.80821153846154,0,14.310942857142857
24052955051020,61.86269841269841,0,22.514285714285712,70,0,5,43.303888888888885,0,15.759999999999998
24052955051030,83.90079365079366,0,26.685714285714283,57,0,5,58.730555555555554,0,18.679999999999996
24052955051040,43.734920634920634,0,18.114285714285714,37,0,5,30.61444444444444,0,12.68
24052955051060,60.22222222222223,0,14.8,61,0,5,42.15555555555556,0,10.36
24052955051070,58.67301587301587,0,26.91428571428571,41,0,5,41.07111111111111,0,18.839999999999996
24052955052010,73.88888888888889,0,36.885714285714286,76,1,5,51.722222222222214,0,25.82
24052955053020,83.81666666666666,0,29.485714285714284,53,1,5,58.67166666666666,0,20.639999999999997
24053055041030,62.894230769230774,0,39.45,90,1,4,50.0638076923077,0,31.402200000000004
24053055052010,73.00555555555556,0,19.514285714285712,47,0,5,51.10388888888889,0,13.659999999999998
24053055052020,22.55952380952381,0,16.942857142857143,50,0,5,15.791666666666666,0,11.86
24053055052040,106.0,0,42.028571428571425,100,1,5,74.19999999999999,0,29.419999999999995
24053155032030,23.072504767959316,24.444444444444446,32.575,77,0,3,20.672964272091548,21.902222222222225,29.187200000000004
24053155041020,50.78365384615385,0,28.242857142857144,86,0,4,40.423788461538464,0,22.481314285714287
24053155041030,91.95192307692308,0,23.099999999999998,67,0,4,73.19373076923078,0,18.3876
24053155042010,41.28846153846154,0,23.742857142857144,46,0,4,32.86561538461539,0,18.899314285714286
24053155051010,66.28492063492064,0,32.91428571428571,39,0,5,46.39944444444444,0,23.039999999999996
24053155051040,36.51269841269841,0,19.942857142857143,49,0,5,25.558888888888887,0,13.959999999999999
24053155051050,63.26746031746032,0,16.942857142857143,68,0,5,44.28722222222222,0,11.86
24053155052020,47.593650793650795,0,9.542857142857143,38,0,5,33.315555555555555,0,6.68
24060155042010,84.26442307692308,0,28.221428571428575,77,1,4,67.07448076923077,0,22.464257142857146
24060155042030,56.03365384615385,0,39.12857142857143,46,0,4,44.602788461538466,0,31.146342857142862
24060155052020,46.55714285714286,0,38.48571428571428,68,0,5,32.589999999999996,0,26.939999999999994
24060155052040,69.03968253968253,0,29.914285714285715,70,1,5,48.32777777777777,0,20.939999999999998
24060155052060,73.54444444444445,0,33.885714285714286,79,1,5,51.48111111111111,0,23.72
24060155052070,67.5079365079365,0,25.085714285714285,49,0,5,47.25555555555555,0,17.56
24060155052080,80.35079365079365,0,25.942857142857143,82,0,5,56.24555555555555,0,18.16
24060155052090,94.0515873015873,0,45.457142857142856,100,1,5,65.83611111111111,0,31.819999999999997
24060355051010,46.38968253968254,0,20.685714285714283,76,0,5,32.47277777777778,0,14.479999999999997
24060355051020,38.099999999999994,0,14.371428571428572,23,0,5,26.669999999999995,0,10.06
24060455041020,52.48557692307692,0,32.42142857142857,58,0,4,41.77851923076923,0,25.807457142857142
24060455043010,30.41826923076923,0,20.82857142857143,33,0,4,24.21294230769231,0,16.579542857142858
24060455043020,56.85096153846154,0,20.55,45,0,4,45.253365384615385,0,16.3578
24060455051010,87.47380952380952,0,37.31428571428572,88,1,5,61.23166666666666,0,26.12
24060455052010,41.58412698412698,0,11.571428571428571,50,0,5,29.108888888888885,0,8.1
24060455052020,67.92380952380952,0,24.34285714285714,37,0,5,47.54666666666667,0,17.04
24060455052030,56.03492063492063,0,35.714285714285715,35,0,5,39.22444444444444,0,25.0
24060455052040,64.06746031746032,0,12.542857142857143,79,0,5,44.84722222222222,0,8.78
24060455052050,69.21825396825398,0,41.285714285714285,62,1,5,48.45277777777778,0,28.9
24060455052060,55.00555555555555,0,30.142857142857142,35,0,5,38.50388888888889,0,21.099999999999998
24060455052070,36.36904761904762,0,18.34285714285714,32,0,5,25.458333333333332,0,12.839999999999998
24060555052010,66.0111111111111,0,18.114285714285714,79,0,5,46.20777777777777,0,12.68
24060655041010,33.418269230769226,0,26.25,55,0,4,26.600942307692307,0,20.895
24060655041020,34.91346153846154,0,22.157142857142855,0,0,4,27.791115384615388,0,17.637085714285714
24060655041040,98.46634615384616,0,37.864285714285714,100,1,4,78.37921153846155,0,30.139971428571428
24060655041050,110.5673076923077,0,37.885714285714286,100,1,4,88.01157692307693,0,30.157028571428572
24060655052010,61.569047619047616,0,33.65714285714286,64,1,5,43.09833333333333,0,23.56
24060655053010,65.82936507936508,0,29.485714285714284,79,1,5,46.08055555555555,0,20.639999999999997
24060689032040,26.619262555626193,35.33333333333333,43.16250000000001,77,1,3,23.85085924984107,31.65866666666666,38.67360000000001
24060689033020,33.32085187539733,46.22222222222223,43.4125,77,1,3,29.855483280356008,41.415111111111116,38.897600000000004
24060689033040,44.139415130324224,30.444444444444443,36.545833333333334,56,1,3,39.54891595677051,27.278222222222222,32.745066666666666
24060689043010,66.39423076923077,0,44.91428571428572,62,1,4,52.8498076923077,0,35.75177142857143
24060689043030,60.144230769230774,0,26.957142857142856,71,1,4,47.8748076923077,0,21.457885714285712
24061055041060,46.34134615384615,0,44.635714285714286,77,0,4,36.88771153846154,0,35.53002857142857
24061055042030,35.24038461538461,0,18.621428571428574,49,0,4,28.051346153846154,0,14.822657142857146
24061055042050,51.09615384615385,0,33.34285714285715,36,0,4,40.672538461538466,0,26.54091428571429
24061055042070,66.21153846153845,0,41.721428571428575,87,1,4,52.70438461538461,0,33.210257142857145
24061055042090,51.74038461538461,0,14.121428571428574,33,0,4,41.185346153846154,0,11.240657142857145
24061055042100,28.48076923076923,0,21.214285714285715,31,0,4,22.67069230769231,0,16.88657142857143
24061055042110,25.985576923076923,0,15.707142857142856,14,0,4,20.684519230769233,0,12.502885714285714
24061055051020,84.86825396825397,0,26.17142857142857,62,0,5,59.407777777777774,0,18.319999999999997
24061055051030,47.36190476190476,0,15.971428571428572,82,0,5,33.15333333333333,0,11.18
24061055051040,54.92936507936508,0,14.371428571428572,11,0,5,38.45055555555555,0,10.06
24061055051050,114.98412698412699,0,44.285714285714285,89,1,5,80.48888888888888,0,30.999999999999996
24061055052010,82.0079365079365,0,38.714285714285715,76,1,5,57.40555555555555,0,27.099999999999998
24061055052020,38.462698412698415,0,19.514285714285712,47,0,5,26.92388888888889,0,13.659999999999998
24061055052040,51.49682539682539,0,15.542857142857143,41,0,5,36.047777777777775,0,10.879999999999999
24061055052080,75.32857142857142,0,21.114285714285714,65,0,5,52.72999999999999,0,14.78
24061055053010,67.64603174603175,0,25.942857142857143,68,0,5,47.352222222222224,0,18.16
24061155051020,37.22539682539683,0,19.942857142857143,68,0,5,26.05777777777778,0,13.959999999999999
24061155053010,88.25,0,31.314285714285717,49,1,5,61.775,0,21.92
24061155053020,64.32301587301588,0,19.514285714285712,79,0,5,45.02611111111111,0,13.659999999999998
24061255051010,36.474603174603175,0,23.371428571428574,47,0,5,25.53222222222222,0,16.36
24061255052010,29.609523809523807,0,12.971428571428572,43,0,5,20.726666666666663,0,9.08
24061355042010,46.456730769230774,0,25.928571428571427,45,0,4,36.9795576923077,0,20.639142857142858
24061355042020,70.01923076923077,0,34.628571428571426,59,1,4,55.7353076923077,0,27.564342857142858
24061355052030,75.97380952380952,0,27.34285714285714,65,1,5,53.181666666666665,0,19.139999999999997
24061355052040,73.07301587301588,0,21.771428571428572,56,0,5,51.15111111111111,0,15.24
24061355052050,71.33888888888889,0,26.485714285714284,68,0,5,49.93722222222222,0,18.54
24061355052070,36.54761904761905,0,22.942857142857143,0,0,5,25.583333333333336,0,16.06
24061355052080,33.407936507936505,0,11.371428571428572,0,0,5,23.385555555555552,0,7.96
24061355052090,19.23253968253968,0,21.771428571428572,0,0,5,13.462777777777776,0,15.24
24061389032020,27.203273998728545,23.111111111111114,43.6625,77,1,3,24.374133502860776,20.707555555555558,39.1216
24061389043020,75.83173076923077,0,34.37142857142857,77,1,4,60.3620576923077,0,27.35965714285714
24061389043030,67.51923076923077,0,31.157142857142855,46,0,4,53.7453076923077,0,24.801085714285712
24061455041030,65.08653846153845,0,32.07857142857143,50,1,4,51.80888461538461,0,25.53454285714286
24061455041050,75.64423076923077,0,35.957142857142856,81,1,4,60.2128076923077,0,28.621885714285714
24061455041060,57.90384615384615,0,30.21428571428571,64,1,4,46.09146153846154,0,24.050571428571427
24061455041080,79.46153846153845,0,38.48571428571429,100,1,4,63.25138461538461,0,30.634628571428575
24061455041100,29.60576923076923,0,27.578571428571426,55,0,4,23.566192307692308,0,21.952542857142856
24061455041120,52.53846153846154,0,27.599999999999998,31,0,4,41.82061538461539,0,21.9696
24061455042010,64.08653846153845,0,24.685714285714283,52,1,4,51.012884615384614,0,19.64982857142857
24061455053010,66.38492063492063,0,39.457142857142856,49,0,5,46.46944444444444,0,27.619999999999997
24061455053020,71.34444444444443,0,24.34285714285714,74,0,5,49.9411111111111,0,17.04
24061555031090,28.17120152574698,32.88888888888889,38.175000000000004,85,1,3,25.241396567069295,29.468444444444447,34.204800000000006
24061555042010,44.043269230769226,0,28.84285714285714,36,0,4,35.0584423076923,0,22.958914285714286
24061555042020,17.10576923076923,0,26.614285714285714,48,0,4,13.616192307692307,0,21.18497142857143
24061555042030,24.990384615384613,0,13.157142857142857,23,0,4,19.89234615384615,0,10.473085714285714
24061555042040,47.84615384615385,0,13.821428571428571,50,0,4,38.08553846153846,0,11.001857142857142
24061555051010,54.201587301587296,0,36.14285714285714,89,1,5,37.941111111111105,0,25.299999999999997
24061555051020,87.8452380952381,0,27.34285714285714,41,1,5,61.49166666666667,0,19.139999999999997
24061555051030,34.49285714285714,0,18.114285714285714,64,0,5,24.144999999999996,0,12.68
24061555051040,104.37301587301587,0,39.885714285714286,76,1,5,73.0611111111111,0,27.919999999999998
24061555051070,38.83015873015873,0,16.942857142857143,60,0,5,27.181111111111107,0,11.86
24061555051100,83.05079365079365,0,31.314285714285717,54,1,5,58.13555555555555,0,21.92
24061555052050,29.853968253968254,0,13.942857142857143,30,0,5,20.897777777777776,0,9.76
24061555052060,67.97777777777777,0,21.542857142857144,53,0,5,47.584444444444436,0,15.08
24061555052070,26.455555555555556,0,45.885714285714286,64,0,5,18.51888888888889,0,32.12
24061555052080,54.894444444444446,0,29.6,70,1,5,38.42611111111111,0,20.72
24061755041030,78.4423076923077,0,38.82857142857143,78,1,4,62.44007692307693,0,30.90754285714286
24061755051010,46.25873015873016,0,31.742857142857144,75,0,5,32.38111111111111,0,22.22
24061755051020,54.24285714285714,0,11.371428571428572,56,0,5,37.97,0,7.96
24061755051040,61.23968253968254,0,40.31428571428572,82,1,5,42.867777777777775,0,28.22
24061755051050,40.357142857142854,0,26.057142857142857,29,0,5,28.249999999999996,0,18.24
24061755051060,73.49603174603175,0,37.74285714285715,82,1,5,51.44722222222222,0,26.42
24061755051070,23.762698412698413,0,16.942857142857143,32,0,5,16.633888888888887,0,11.86
24061755052010,77.7063492063492,0,33.57142857142857,68,1,5,54.39444444444444,0,23.499999999999996
24061755052020,75.77380952380952,0,34.74285714285715,46,0,5,53.04166666666666,0,24.32
24061755052030,66.57222222222222,0,32.91428571428571,100,1,5,46.60055555555555,0,23.039999999999996
24061755052040,53.157936507936505,0,22.942857142857143,0,0,5,37.21055555555555,0,16.06
24061755052050,27.115873015873014,0,12.971428571428572,39,0,5,18.981111111111108,0,9.08
24061755052060,57.24603174603175,0,20.91428571428571,65,0,5,40.07222222222222,0,14.639999999999997
24061755052070,60.43015873015872,0,26.6,56,0,5,42.301111111111105,0,18.62
24061755052080,60.0452380952381,0,18.771428571428572,23,0,5,42.031666666666666,0,13.14
24061755052090,71.67460317460316,0,19.514285714285712,24,0,5,50.17222222222221,0,13.659999999999998
24061755052100,60.81269841269841,0,34.74285714285715,76,1,5,42.568888888888885,0,24.32
24061755052110,49.45079365079365,0,23.6,61,0,5,34.61555555555555,0,16.52
24061755052120,54.46190476190476,0,15.77142857142857,23,0,5,38.12333333333333,0,11.04
24062055041010,56.53846153846154,0,31.41428571428571,77,1,4,45.00461538461539,0,25.00577142857143
24062055041020,50.96634615384615,0,26.314285714285717,58,0,4,40.56921153846154,0,20.946171428571432
24062055041040,36.83653846153846,0,11.25,19,0,4,29.321884615384615,0,8.955
24062055041050,35.03846153846154,0,15.685714285714287,13,0,4,27.890615384615387,0,12.485828571428573
24062055041060,47.47596153846154,0,40.09285714285714,58,0,4,37.79086538461539,0,31.913914285714288
24062055041070,64.95192307692308,0,30.15,71,1,4,51.70173076923077,0,23.9994
24062055041080,18.745192307692307,0,24.685714285714287,14,0,4,14.921173076923077,0,19.649828571428575
24062055041090,51.96634615384615,0,30.17142857142857,58,0,4,41.36521153846154,0,24.016457142857142
24062055042010,38.105769230769226,0,16.97142857142857,22,0,4,30.332192307692306,0,13.509257142857143
24062055042030,53.82692307692308,0,29.528571428571425,81,0,4,42.84623076923077,0,23.504742857142855
24062055042040,29.79326923076923,0,20.52857142857143,26,0,4,23.715442307692307,0,16.340742857142857
24062055052050,62.53888888888889,0,14.371428571428572,70,0,5,43.77722222222222,0,10.06
24062055052070,48.14603174603174,0,15.77142857142857,35,0,5,33.70222222222221,0,11.04
24062055053010,98.03968253968253,0,35.48571428571428,70,1,5,68.62777777777777,0,24.839999999999996
24062055053020,55.83015873015873,0,7.4,35,0,5,39.081111111111106,0,5.18
24062055053030,30.704761904761902,0,31.314285714285717,47,0,5,21.49333333333333,0,21.92
24062055053040,87.07936507936508,0,38.714285714285715,68,1,5,60.95555555555555,0,27.099999999999998
24062055053060,37.62857142857143,0,21.771428571428572,57,0,5,26.340000000000003,0,15.24
24062055053070,53.513492063492066,0,22.514285714285712,53,0,5,37.45944444444444,0,15.759999999999998
24062055053080,48.91269841269842,0,27.885714285714286,67,0,5,34.23888888888889,0,19.52
24062055053090,62.68412698412699,0,27.771428571428572,68,1,5,43.87888888888889,0,19.439999999999998
24062055053100,42.292857142857144,0,11.571428571428571,59,0,5,29.605,0,8.1
24062055053110,63.346825396825395,0,21.542857142857144,70,0,5,44.342777777777776,0,15.08
24062155051010,50.28650793650794,0,16.942857142857143,50,0,5,35.20055555555555,0,11.86
24062155051020,56.12857142857143,0,34.31428571428572,88,1,5,39.29,0,24.02
24062155051030,47.45793650793651,0,39.457142857142856,18,0,5,33.220555555555556,0,27.619999999999997
24062155051040,46.44603174603175,0,40.31428571428572,74,0,5,32.51222222222222,0,28.22
24062155051050,66.59047619047618,0,24.34285714285714,62,0,5,46.61333333333332,0,17.04
24062255041010,57.22596153846154,0,30.792857142857144,58,1,4,45.55186538461539,0,24.51111428571429
24062255041020,55.49038461538461,0,24.064285714285717,22,0,4,44.170346153846154,0,19.155171428571432
24062255041030,52.78365384615385,0,26.314285714285717,36,0,4,42.01578846153846,0,20.946171428571432
24062255051040,26.51904761904762,0,24.34285714285714,33,0,5,18.563333333333333,0,17.04
24062555041020,40.77403846153846,0,15.407142857142857,54,0,4,32.45613461538461,0,12.264085714285715
24062555041030,57.97596153846154,0,26.357142857142858,68,0,4,46.14886538461539,0,20.980285714285717
24062555051010,45.23968253968254,0,24.34285714285714,32,0,5,31.667777777777776,0,17.04
24062555052010,44.257936507936506,0,22.514285714285712,35,0,5,30.98055555555555,0,15.759999999999998
24062555052020,65.94999999999999,0,27.34285714285714,75,1,5,46.16499999999999,0,19.139999999999997
24062555052030,79.77777777777777,0,24.34285714285714,86,0,5,55.844444444444434,0,17.04
24062555052040,96.72380952380952,0,28.085714285714285,71,1,5,67.70666666666666,0,19.66
24062555052050,86.16666666666666,0,46.85714285714286,82,1,5,60.316666666666656,0,32.800000000000004
24062555052060,19.937301587301587,0,17.371428571428574,26,0,5,13.95611111111111,0,12.16
24062655042010,51.83653846153846,0,34.67142857142857,81,1,4,41.261884615384616,0,27.598457142857143
24062655052030,77.88888888888889,0,22.085714285714285,23,0,5,54.52222222222222,0,15.459999999999999
24062755042010,38.71153846153846,0,17.978571428571428,55,0,4,30.814384615384615,0,14.310942857142857
24062755051010,56.801587301587304,0,47.285714285714285,75,1,5,39.76111111111111,0,33.099999999999994
24062755051020,69.40079365079364,0,36.885714285714286,54,1,5,48.58055555555555,0,25.82
24062755052030,77.28968253968253,0,24.34285714285714,56,0,5,54.10277777777777,0,17.04
24062789032040,38.81236490781945,38.22222222222223,42.900000000000006,73,1,3,34.77587895740623,34.24711111111112,38.43840000000001
24062789032050,37.72399872854419,40.44444444444444,35.82083333333333,71,1,3,33.800702860775594,36.23822222222222,32.09546666666667
24062789033030,37.59278448823903,27.111111111111114,41.77916666666667,63,1,3,33.683134901462175,24.291555555555558,37.434133333333335
24062789052010,9.448412698412698,0,32.05714285714286,18,0,5,6.613888888888888,0,22.439999999999998
24062789052020,61.3452380952381,0,23.371428571428574,54,0,5,42.94166666666667,0,16.36
24062855041020,25.860576923076923,0,27.299999999999997,68,0,4,20.58501923076923,0,21.7308
24062955041010,40.86057692307692,0,30.15,64,0,4,32.52501923076923,0,23.9994
24062955051020,69.48571428571428,0,22.942857142857143,49,0,5,48.63999999999999,0,16.06
24062955051030,54.775396825396825,0,24.771428571428572,64,0,5,38.342777777777776,0,17.34
24062955051040,108.03968253968253,0,37.31428571428572,71,1,5,75.62777777777777,0,26.12
24062955051050,62.380158730158726,0,17.371428571428574,46,0,5,43.66611111111111,0,12.16
24062955051060,35.483333333333334,0,32.17142857142857,37,0,5,24.83833333333333,0,22.52
24062955051100,82.12857142857143,0,35.714285714285715,86,1,5,57.49,0,25.0
24062955051120,69.21190476190476,0,48.028571428571425,65,1,5,48.44833333333333,0,33.62
24062955052010,77.62301587301587,0,29.17142857142857,82,1,5,54.33611111111111,0,20.419999999999998
24062955052020,72.78333333333333,0,25.514285714285716,62,0,5,50.94833333333333,0,17.86
24062955052030,57.40793650793651,0,24.34285714285714,65,0,5,40.18555555555555,0,17.04
24062955052040,25.219841269841268,0,24.34285714285714,30,0,5,17.653888888888886,0,17.04
24062955052050,33.86587301587302,0,24.228571428571428,0,0,5,23.706111111111113,0,16.959999999999997
24070155041010,66.95673076923077,0,27.578571428571426,23,0,4,53.2975576923077,0,21.952542857142856
24070155041030,52.49038461538461,0,27.27857142857143,49,0,4,41.782346153846156,0,21.713742857142858
24070155041040,66.63461538461539,0,27.27857142857143,67,1,4,53.041153846153854,0,21.713742857142858
24070155041050,57.89903846153846,0,20.807142857142857,45,0,4,46.087634615384616,0,16.562485714285714
24070155052010,86.93412698412699,0,38.48571428571428,100,1,5,60.85388888888889,0,26.939999999999994
24070255042010,63.15384615384615,0,49.09285714285714,68,1,4,50.27046153846154,0,39.077914285714286
24070255051010,41.99603174603175,0,21.34285714285714,41,0,5,29.397222222222222,0,14.939999999999998
24070255051020,64.80158730158729,0,31.085714285714285,75,1,5,45.3611111111111,0,21.759999999999998
24070255052020,96.05555555555556,0,37.31428571428572,82,1,5,67.23888888888888,0,26.12
24070355041020,56.85096153846154,0,18.62142857142857,23,0,4,45.253365384615385,0,14.822657142857143
24070355051010,64.93412698412698,0,42.885714285714286,65,1,5,45.45388888888888,0,30.02
24070555051020,69.4063492063492,0,22.2,58,0,5,48.58444444444444,0,15.54
24070555051030,101.66666666666666,0,44.285714285714285,61,1,5,71.16666666666666,0,30.999999999999996
24070555051040,48.97380952380952,0,30.34285714285714,36,0,5,34.28166666666666,0,21.24
24070555051050,41.77460317460317,0,21.34285714285714,29,0,5,29.242222222222217,0,14.939999999999998
24070555051060,70.59126984126983,0,25.085714285714285,86,0,5,49.413888888888884,0,17.56
24070555051080,45.80714285714286,0,22.514285714285712,55,0,5,32.065,0,15.759999999999998
24070555051090,108.69444444444444,0,24.34285714285714,100,0,5,76.08611111111111,0,17.04
24070655041030,80.90384615384616,0,51.98571428571429,64,1,4,64.39946153846155,0,41.38062857142857
24070655041060,47.90865384615385,0,24.685714285714283,77,0,4,38.135288461538465,0,19.64982857142857
24070655051010,78.56746031746032,0,30.34285714285714,74,1,5,54.99722222222222,0,21.24
24070655051020,79.04523809523809,0,27.34285714285714,26,0,5,55.33166666666666,0,19.139999999999997
24070655051040,89.23412698412699,0,47.285714285714285,82,1,5,62.46388888888889,0,33.099999999999994
24070655051050,88.01746031746032,0,38.714285714285715,82,1,5,61.61222222222222,0,27.099999999999998
24070655052010,70.70634920634922,0,29.485714285714284,100,1,5,49.49444444444445,0,20.639999999999997
24070655052020,68.83412698412698,0,33.885714285714286,74,1,5,48.18388888888889,0,23.72
24070655052030,78.33333333333334,0,12.114285714285714,54,0,5,54.833333333333336,0,8.479999999999999
24070655052040,100.69444444444444,0,36.457142857142856,79,1,5,70.4861111111111,0,25.519999999999996
24070655052050,94.91190476190476,0,47.285714285714285,100,1,5,66.43833333333333,0,33.099999999999994
24070655052060,42.984920634920634,0,7.4,33,0,5,30.089444444444442,0,5.18
24070855042060,61.89903846153846,0,24.96428571428571,58,1,4,49.27163461538461,0,19.87157142857143
24070855051010,35.84047619047619,0,29.914285714285715,62,0,5,25.08833333333333,0,20.939999999999998
24070855052010,42.88253968253969,0,27.885714285714286,37,0,5,30.017777777777777,0,19.52
24070855052020,55.41428571428571,0,20.685714285714283,30,0,5,38.78999999999999,0,14.479999999999997
24070955051010,59.52380952380952,0,11.571428571428571,23,0,5,41.66666666666666,0,8.1
24070955052010,88.71190476190476,0,24.771428571428572,64,0,5,62.09833333333333,0,17.34
24071055043020,109.75961538461539,0,56.14285714285714,100,1,4,87.36865384615385,0,44.68971428571429
24071155043010,35.11538461538461,0,20.871428571428574,46,0,4,27.951846153846155,0,16.613657142857146
24071155043020,27.85096153846154,0,18.900000000000002,27,0,4,22.169365384615386,0,15.044400000000003
24071155051010,30.187301587301587,0,18.97142857142857,32,0,5,21.13111111111111,0,13.28
24071155051020,60.817460317460316,0,26.91428571428571,35,0,5,42.572222222222216,0,18.839999999999996
24071189043010,107.25,0,57.74999999999999,90,1,4,85.37100000000001,0,45.968999999999994
24071255041010,78.08173076923077,0,49.07142857142857,100,1,4,62.1530576923077,0,39.060857142857145
24071255041020,96.33173076923077,0,51.32142857142857,71,1,4,76.6800576923077,0,40.85185714285714
24071255042020,46.28365384615385,0,32.74285714285714,86,0,4,36.841788461538464,0,26.063314285714284
24071255042030,87.94711538461539,0,36.25714285714285,87,1,4,70.00590384615386,0,28.86068571428571
24071255042040,70.72115384615384,0,46.52142857142857,87,1,4,56.294038461538456,0,37.031057142857144
24071255042050,45.66346153846154,0,21.450000000000003,32,0,4,36.34811538461539,0,17.074200000000005
24071255042070,39.47115384615385,0,8.678571428571429,23,0,4,31.419038461538463,0,6.908142857142858
24071255042080,48.27403846153846,0,26.657142857142855,45,0,4,38.42613461538462,0,21.219085714285715
24071255051030,47.44126984126984,0,6.9714285714285715,30,0,5,33.208888888888886,0,4.88
24071255051050,78.16666666666666,0,36.14285714285714,86,1,5,54.716666666666654,0,25.299999999999997
24071255051060,75.52936507936508,0,35.48571428571428,68,1,5,52.870555555555555,0,24.839999999999996
24071255051080,78.06746031746032,0,14.371428571428572,68,0,5,54.64722222222222,0,10.06
24071255051100,120.0,0,47.285714285714285,100,1,5,84.0,0,33.099999999999994
24071255051110,87.89444444444445,0,39.14285714285714,68,1,5,61.526111111111106,0,27.399999999999995
24071255051120,93.13888888888889,0,25.514285714285716,49,0,5,65.19722222222222,0,17.86
24071255052010,36.26904761904762,0,21.34285714285714,26,0,5,25.388333333333332,0,14.939999999999998
24071255052100,102.82936507936509,0,38.285714285714285,100,1,5,71.98055555555555,0,26.799999999999997
24071255052120,66.89444444444445,0,38.714285714285715,100,1,5,46.82611111111111,0,27.099999999999998
24071255053020,83.98412698412699,0,41.285714285714285,86,1,5,58.788888888888884,0,28.9
24071255053030,89.89444444444445,0,42.885714285714286,100,1,5,62.926111111111105,0,30.02
24071255053050,93.86111111111111,0,42.457142857142856,88,1,5,65.70277777777778,0,29.719999999999995
24071255053060,96.92222222222222,0,38.05714285714286,86,1,5,67.84555555555555,0,26.639999999999997
24071255053080,91.81746031746032,0,46.85714285714286,100,1,5,64.27222222222221,0,32.800000000000004
24071255053090,94.80555555555556,0,43.31428571428572,100,1,5,66.36388888888888,0,30.32
24071255053100,82.12301587301587,0,38.05714285714286,100,1,5,57.48611111111111,0,26.639999999999997
24071255053110,77.53968253968253,0,47.285714285714285,100,1,5,54.27777777777777,0,33.099999999999994
24071255053120,81.94999999999999,0,43.31428571428572,100,1,5,57.36499999999999,0,30.32
24071355041010,41.230769230769226,0,25.350000000000005,77,0,4,32.81969230769231,0,20.178600000000007
24071355051020,90.11111111111111,0,30.34285714285714,82,1,5,63.077777777777776,0,21.24
24071355051040,72.0952380952381,0,17.685714285714283,65,0,5,50.46666666666667,0,12.379999999999997
24071355051050,91.76190476190476,0,31.314285714285717,65,1,5,64.23333333333333,0,21.92
24071355051060,73.17222222222222,0,32.48571428571428,65,1,5,51.22055555555555,0,22.739999999999995
24071355051070,81.77777777777777,0,35.05714285714286,79,1,5,57.24444444444443,0,24.54
24071355051080,100.92857142857142,0,42.457142857142856,51,1,5,70.64999999999999,0,29.719999999999995
24071355051090,81.66666666666666,0,16.2,23,0,5,57.16666666666666,0,11.339999999999998
24071355051100,72.7515873015873,0,38.48571428571428,76,1,5,50.92611111111111,0,26.939999999999994
24071355051110,63.09126984126984,0,42.885714285714286,100,1,5,44.163888888888884,0,30.02
24071355052010,41.407936507936505,0,29.485714285714284,76,0,5,28.98555555555555,0,20.639999999999997
24071355052020,33.62539682539683,0,21.114285714285714,53,0,5,23.537777777777777,0,14.78
24071355052030,101.76190476190476,0,47.285714285714285,100,1,5,71.23333333333332,0,33.099999999999994
24071355052040,90.32936507936508,0,19.514285714285712,68,0,5,63.23055555555555,0,13.659999999999998
24071355052050,83.36111111111111,0,29.914285714285715,79,1,5,58.352777777777774,0,20.939999999999998
24071355052060,84.1563492063492,0,23.6,82,0,5,58.90944444444444,0,16.52
24071355052070,90.6626984126984,0,28.742857142857144,65,1,5,63.46388888888888,0,20.12
24071355052080,65.52777777777777,0,33.34285714285714,56,1,5,45.86944444444444,0,23.339999999999996
24071355052090,61.15079365079365,0,25.0,50,0,5,42.80555555555556,0,17.5
24071355052100,108.50555555555556,0,28.742857142857144,82,1,5,75.95388888888888,0,20.12
24071355052120,54.50714285714285,0,16.942857142857143,68,0,5,38.154999999999994,0,11.86
24071555041050,52.53846153846154,0,28.242857142857144,87,0,4,41.82061538461539,0,22.481314285714287
24071555042020,34.78846153846154,0,25.97142857142857,45,0,4,27.69161538461539,0,20.673257142857143
24071555042030,58.581730769230774,0,23.7,36,0,4,46.6310576923077,0,18.8652
24071555042040,35.91346153846154,0,19.585714285714285,22,0,4,28.587115384615387,0,15.590228571428572
24071555042060,63.65384615384615,0,25.37142857142857,81,1,4,50.66846153846154,0,20.195657142857144
24071555042070,82.46153846153845,0,33.364285714285714,81,1,4,65.63938461538461,0,26.55797142857143
24071555042090,55.82692307692308,0,34.949999999999996,71,1,4,44.43823076923078,0,27.820199999999996
24071555042100,52.22115384615385,0,31.778571428571425,62,0,4,41.568038461538464,0,25.295742857142855
24071555051010,33.025396825396825,0,21.542857142857144,59,0,5,23.117777777777775,0,15.08
24071555051020,112.25,0,36.885714285714286,100,1,5,78.57499999999999,0,25.82
24071555051030,97.64682539682539,0,36.885714285714286,89,1,5,68.35277777777777,0,25.82
24071555051040,86.92222222222222,0,36.14285714285714,82,1,5,60.84555555555555,0,25.299999999999997
24071555051060,90.3452380952381,0,16.514285714285712,37,0,5,63.24166666666667,0,11.559999999999999
24071555052010,39.358730158730154,0,5.571428571428571,36,0,5,27.551111111111105,0,3.8999999999999995
24071655042060,35.668269230769226,0,26.271428571428572,65,0,4,28.391942307692307,0,20.912057142857144
24071655052020,88.33888888888889,0,29.914285714285715,68,1,5,61.837222222222216,0,20.939999999999998
24071655052050,66.01190476190476,0,32.48571428571428,88,1,5,46.20833333333333,0,22.739999999999995
24071655052070,113.11111111111111,0,45.028571428571425,86,1,5,79.17777777777778,0,31.519999999999996
24071755051010,52.227777777777774,0,23.25714285714286,49,0,5,36.55944444444444,0,16.28
24071755051020,53.385714285714286,0,15.542857142857143,24,0,5,37.37,0,10.879999999999999
24071755051030,61.906349206349205,0,36.885714285714286,88,1,5,43.33444444444444,0,25.82
24071755051040,96.85079365079365,0,31.085714285714285,82,1,5,67.79555555555555,0,21.759999999999998
24071755051060,69.97222222222223,0,36.885714285714286,74,1,5,48.980555555555554,0,25.82
24071855043010,48.73557692307692,0,31.135714285714286,55,0,4,38.79351923076923,0,24.78402857142857
24071855051030,49.156349206349205,0,34.31428571428572,76,0,5,34.40944444444444,0,24.02
24071855051040,47.66349206349206,0,24.34285714285714,82,0,5,33.36444444444444,0,17.04
24071855052010,79.83333333333333,0,32.91428571428571,88,1,5,55.883333333333326,0,23.039999999999996
24071855052020,66.2515873015873,0,38.714285714285715,74,1,5,46.376111111111115,0,27.099999999999998
24071855052030,47.86825396825397,0,19.514285714285712,41,0,5,33.507777777777775,0,13.659999999999998
24071855052040,43.94047619047619,0,29.485714285714284,55,0,5,30.75833333333333,0,20.639999999999997
24071855052050,54.890476190476186,0,28.085714285714285,40,0,5,38.423333333333325,0,19.66
24071855052060,64.7063492063492,0,41.05714285714286,76,1,5,45.29444444444444,0,28.74
24071855052070,77.11190476190475,0,36.885714285714286,88,1,5,53.978333333333325,0,25.82
24071855052080,76.29523809523809,0,27.57142857142857,35,0,5,53.40666666666666,0,19.299999999999997
24071855052090,80.80555555555556,0,37.31428571428572,100,1,5,56.56388888888888,0,26.12
24071855052100,51.439682539682536,0,39.885714285714286,57,0,5,36.007777777777775,0,27.919999999999998
24071855052110,52.55079365079365,0,26.91428571428571,58,0,5,36.785555555555554,0,18.839999999999996
24071889053010,83.18571428571428,0,52.42857142857143,89,1,5,58.23,0,36.699999999999996
24072255042010,76.15384615384616,0,37.199999999999996,73,1,4,60.618461538461546,0,29.611199999999997
24072255042030,40.855769230769226,0,21.514285714285716,0,0,4,32.5211923076923,0,17.12537142857143
24072255042070,77.33173076923077,0,32.42142857142857,58,1,4,61.5560576923077,0,25.807457142857142
24072255042100,68.59134615384616,0,26.614285714285714,33,0,4,54.598711538461544,0,21.18497142857143
24072255042120,61.60096153846154,0,20.849999999999998,46,0,4,49.03436538461539,0,16.5966
24072255051020,81.17857142857143,0,34.31428571428572,58,1,5,56.824999999999996,0,24.02
24072255051030,62.91190476190476,0,19.942857142857143,55,0,5,44.03833333333333,0,13.959999999999999
24072255051040,46.916666666666664,0,21.65714285714286,67,0,5,32.84166666666666,0,15.16
24072255051050,111.55555555555554,0,43.85714285714286,82,1,5,78.08888888888887,0,30.7
24072255051060,36.471428571428575,0,13.942857142857143,14,0,5,25.53,0,9.76
24072255051070,83.16666666666666,0,30.65714285714286,88,1,5,58.216666666666654,0,21.46
24072255051080,63.77777777777777,0,32.714285714285715,44,0,5,44.64444444444444,0,22.9
24072255051090,73.68015873015872,0,31.742857142857144,100,1,5,51.5761111111111,0,22.22
24072255051100,55.69126984126984,0,22.514285714285712,35,0,5,38.983888888888885,0,15.759999999999998
24072255051110,52.894444444444446,0,24.771428571428572,75,0,5,37.026111111111106,0,17.34
24072255051120,40.8063492063492,0,17.371428571428574,70,0,5,28.56444444444444,0,12.16
24072255052020,52.23968253968254,0,32.17142857142857,56,0,5,36.56777777777778,0,22.52
24072255052040,73.53968253968253,0,36.885714285714286,54,1,5,51.47777777777777,0,25.82
24072255052060,42.73571428571428,0,46.85714285714286,77,0,5,29.914999999999996,0,32.800000000000004
24072255052080,77.92857142857143,0,34.08571428571429,77,1,5,54.55,0,23.86
24072255052090,43.69047619047619,0,32.91428571428571,100,0,5,30.583333333333332,0,23.039999999999996
24072255052110,53.65079365079365,0,31.085714285714285,32,0,5,37.55555555555556,0,21.759999999999998
24072255053010,112.02777777777777,0,37.31428571428572,88,1,5,78.41944444444444,0,26.12
24072255053020,73.58492063492062,0,22.942857142857143,50,0,5,51.50944444444443,0,16.06
24072255053030,41.81984126984127,0,27.771428571428572,89,0,5,29.273888888888887,0,19.439999999999998
24072255053040,46.2968253968254,0,19.942857142857143,77,0,5,32.407777777777774,0,13.959999999999999
24072255053050,97.62857142857143,0,43.85714285714286,100,1,5,68.34,0,30.7
24072255053060,54.50714285714285,0,24.34285714285714,74,0,5,38.154999999999994,0,17.04
24072255053070,73.27301587301588,0,16.714285714285715,53,0,5,51.291111111111114,0,11.7
24072255053080,63.99126984126984,0,45.457142857142856,100,1,5,44.79388888888889,0,31.819999999999997
24072255053090,64.884126984127,0,29.914285714285715,50,1,5,45.418888888888894,0,20.939999999999998
24072255053100,31.097619047619048,0,24.34285714285714,26,0,5,21.76833333333333,0,17.04
24072255053110,40.39206349206349,0,10.4,12,0,5,28.27444444444444,0,7.279999999999999
24072255053120,69.3452380952381,0,26.37142857142857,68,0,5,48.54166666666667,0,18.459999999999997
24072455041020,81.8173076923077,0,34.92857142857143,100,1,4,65.12657692307693,0,27.80314285714286
24072455051010,67.60079365079365,0,21.771428571428572,56,0,5,47.32055555555555,0,15.24
24072455052010,39.68015873015873,0,24.114285714285714,39,0,5,27.77611111111111,0,16.88
24072455052020,70.91349206349206,0,25.514285714285716,77,0,5,49.639444444444436,0,17.86
24072555041050,82.60096153846155,0,24.685714285714283,81,1,4,65.75036538461539,0,19.64982857142857
24072555041080,39.67307692307692,0,22.77857142857143,50,0,4,31.57976923076923,0,18.131742857142857
24072555042030,67.34134615384616,0,27.578571428571433,86,1,4,53.603711538461546,0,21.952542857142863
24072555051010,77.60079365079365,0,33.34285714285714,82,1,5,54.32055555555555,0,23.339999999999996
24072555051020,65.32936507936508,0,28.085714285714285,67,1,5,45.73055555555555,0,19.66
24072555051030,22.325396825396826,0,20.8,32,0,5,15.627777777777776,0,14.559999999999999
24072555051040,78.48412698412699,0,47.285714285714285,100,1,5,54.93888888888889,0,33.099999999999994
24072555051060,37.79047619047619,0,28.742857142857144,44,0,5,26.453333333333333,0,20.12
24072555051090,64.17857142857143,0,19.942857142857143,61,0,5,44.925,0,13.959999999999999
24072555051110,77.44444444444444,0,27.34285714285714,43,0,5,54.21111111111111,0,19.139999999999997
24072555051120,50.56269841269841,0,25.742857142857144,67,0,5,35.39388888888888,0,18.02
24072555052010,66.19444444444444,0,21.771428571428572,35,0,5,46.33611111111111,0,15.24
24072555052020,41.61349206349206,0,30.34285714285714,82,0,5,29.12944444444444,0,21.24
24072555052040,78.97301587301587,0,46.42857142857143,56,1,5,55.2811111111111,0,32.5
24072555052050,77.83492063492064,0,19.514285714285712,36,0,5,54.48444444444444,0,13.659999999999998
24072589033020,35.429084551811826,32.88888888888889,44.17916666666667,92,1,3,31.744459758423396,29.468444444444447,39.58453333333333
24072589053010,98.29523809523809,0,33.65714285714286,100,1,5,68.80666666666666,0,23.56
24072755041010,61.65384615384615,0,31.435714285714287,81,1,4,49.076461538461544,0,25.022828571428573
24072755041020,53.10096153846154,0,25.00714285714286,64,0,4,42.268365384615386,0,19.905685714285717
24072755042010,30.3125,0,19.264285714285716,31,0,4,24.12875,0,15.33437142857143
24072755042040,44.59134615384615,0,19.564285714285717,64,0,4,35.49471153846154,0,15.573171428571431
24072755051030,57.68571428571428,0,33.14285714285714,49,0,5,40.379999999999995,0,23.199999999999996
24072755051040,61.76746031746032,0,38.05714285714286,76,1,5,43.23722222222222,0,26.639999999999997
24072755051050,46.30079365079365,0,18.114285714285714,62,0,5,32.410555555555554,0,12.68
24072755051060,88.8111111111111,0,31.742857142857144,61,1,5,62.167777777777765,0,22.22
24072755051070,92.25,0,32.48571428571428,67,1,5,64.575,0,22.739999999999995
24072755051080,47.31904761904762,0,26.91428571428571,44,0,5,33.123333333333335,0,18.839999999999996
24072755051090,65.66666666666666,0,37.628571428571426,100,1,5,45.966666666666654,0,26.339999999999996
24072755051100,43.073015873015876,0,22.942857142857143,56,0,5,30.15111111111111,0,16.06
24072755051110,63.63492063492063,0,23.91428571428571,65,0,5,44.54444444444444,0,16.74
24072755052030,117.25,0,58.0,100,1,5,82.07499999999999,0,40.599999999999994
24072755052050,78.40079365079364,0,27.34285714285714,86,1,5,54.880555555555546,0,19.139999999999997
24072755052060,80.83888888888889,0,34.74285714285715,100,1,5,56.587222222222216,0,24.32
24072755052070,97.78333333333333,0,38.48571428571428,100,1,5,68.44833333333332,0,26.939999999999994
24072755052080,80.86825396825397,0,37.74285714285715,86,1,5,56.60777777777777,0,26.42
24072755052090,117.25,0,58.0,100,1,5,82.07499999999999,0,40.599999999999994
24072955041020,50.72596153846154,0,23.12142857142857,41,0,4,40.37786538461539,0,18.404657142857143
24072955041030,50.66346153846154,0,23.4,35,0,4,40.32811538461539,0,18.6264
24072955042030,44.59615384615385,0,28.864285714285714,71,0,4,35.498538461538466,0,22.97597142857143
24072955051010,62.18650793650794,0,15.971428571428572,59,0,5,43.53055555555555,0,11.18
24072955051040,96.57301587301588,0,35.714285714285715,67,1,5,67.60111111111111,0,25.0
24072955051050,79.76746031746032,0,31.314285714285717,100,1,5,55.83722222222222,0,21.92
24072955051060,57.93015873015873,0,38.285714285714285,42,0,5,40.55111111111111,0,26.799999999999997
24072955051070,107.94444444444444,0,40.628571428571426,65,1,5,75.5611111111111,0,28.439999999999998
24072955051090,66.75,0,24.34285714285714,49,0,5,46.724999999999994,0,17.04
24072955052050,44.49126984126984,0,23.485714285714284,25,0,5,31.143888888888885,0,16.439999999999998
24072955053010,106.69444444444444,0,44.285714285714285,100,1,5,74.6861111111111,0,30.999999999999996
24073055041010,67.22596153846155,0,26.314285714285713,78,1,4,53.5118653846154,0,20.94617142857143
24073055041040,42.59134615384615,0,27.599999999999998,77,0,4,33.90271153846154,0,21.9696
24073055051030,83.01746031746032,0,31.742857142857144,71,1,5,58.11222222222222,0,22.22
24073055052010,49.27380952380952,0,26.91428571428571,60,0,5,34.49166666666666,0,18.839999999999996
24073055052020,46.9563492063492,0,24.34285714285714,57,0,5,32.86944444444444,0,17.04
24073055053020,25.046825396825398,0,25.514285714285716,36,0,5,17.532777777777778,0,17.86
24073155052010,61.01746031746032,0,39.028571428571425,67,1,5,42.71222222222222,0,27.319999999999997
24073155052020,99.03968253968253,0,30.34285714285714,36,1,5,69.32777777777777,0,21.24
24073155052030,58.16190476190476,0,33.885714285714286,100,1,5,40.71333333333333,0,23.72
24073155052040,36.68650793650794,0,29.485714285714284,35,0,5,25.680555555555554,0,20.639999999999997
24073155052050,49.5452380952381,0,19.514285714285712,49,0,5,34.681666666666665,0,13.659999999999998
24073155053010,65.33492063492064,0,37.31428571428572,82,1,5,45.73444444444444,0,26.12
24080155051030,31.557936507936507,0,15.971428571428572,46,0,5,22.090555555555554,0,11.18
24080155052010,44.16349206349206,0,25.742857142857144,45,0,5,30.914444444444438,0,18.02
24080189032040,22.635855054036874,16.0,45.89583333333333,92,0,3,20.281726128417038,14.336,41.12266666666666
24080189033030,20.648887476160205,22.0,35.675000000000004,77,0,3,18.501403178639546,19.712,31.964800000000004
24080189052020,101.66666666666666,0,45.457142857142856,100,1,5,71.16666666666666,0,31.819999999999997
24080255051010,91.16666666666666,0,37.628571428571426,88,1,5,63.816666666666656,0,26.339999999999996
24080255051030,55.67857142857143,0,25.514285714285716,88,0,5,38.975,0,17.86
24080255051040,66.38412698412698,0,35.285714285714285,88,1,5,46.468888888888884,0,24.7
24080355051010,27.704761904761902,0,13.285714285714285,18,0,5,19.39333333333333,0,9.299999999999999
24080355051020,83.02380952380952,0,15.542857142857143,77,0,5,58.11666666666666,0,10.879999999999999
24080355051030,55.357142857142854,0,25.942857142857143,88,0,5,38.74999999999999,0,18.16
24080355051050,36.138888888888886,0,11.371428571428572,18,0,5,25.297222222222217,0,7.96
24080555051010,60.07857142857142,0,28.742857142857144,50,1,5,42.05499999999999,0,20.12
24080555051020,58.727777777777774,0,21.34285714285714,36,0,5,41.10944444444444,0,14.939999999999998
24080555051040,103.28333333333333,0,40.628571428571426,100,1,5,72.29833333333333,0,28.439999999999998
24080555051050,74.8111111111111,0,37.31428571428572,68,1,5,52.36777777777777,0,26.12
24080555051060,43.5468253968254,0,12.542857142857143,49,0,5,30.482777777777777,0,8.78
24080555051070,89.85,0,23.91428571428571,100,0,5,62.89499999999999,0,16.74
24080555051080,53.96746031746032,0,15.114285714285714,70,0,5,37.77722222222222,0,10.579999999999998
24080555053010,58.97936507936508,0,6.0,33,0,5,41.285555555555554,0,4.199999999999999
24080655041030,42.67307692307692,0,30.15,50,0,4,33.96776923076923,0,23.9994
24080655041050,83.08173076923077,0,21.514285714285716,87,0,4,66.1330576923077,0,17.12537142857143
24080655051020,79.58492063492062,0,32.17142857142857,47,0,5,55.70944444444443,0,22.52
24080655051040,40.68015873015872,0,19.514285714285712,44,0,5,28.476111111111106,0,13.659999999999998
24080655052010,75.19999999999999,0,21.34285714285714,47,0,5,52.639999999999986,0,14.939999999999998
24080855051010,87.27380952380952,0,38.285714285714285,68,1,5,61.09166666666666,0,26.799999999999997
24080855051030,72.384126984127,0,29.485714285714284,70,1,5,50.668888888888894,0,20.639999999999997
24080855052010,51.695238095238096,0,32.285714285714285,40,0,5,36.18666666666667,0,22.599999999999998
24080855052020,37.292857142857144,0,23.485714285714284,30,0,5,26.105,0,16.439999999999998
24080855052030,88.80555555555556,0,21.34285714285714,53,0,5,62.163888888888884,0,14.939999999999998
24080855052040,62.201587301587296,0,13.942857142857143,24,0,5,43.54111111111111,0,9.76
24080855052050,104.3452380952381,0,44.714285714285715,100,1,5,73.04166666666667,0,31.299999999999997
24080855052060,83.88888888888889,0,37.31428571428572,88,1,5,58.722222222222214,0,26.12
24080889032050,24.376764144945966,25.333333333333336,45.400000000000006,85,1,3,21.841580673871587,22.698666666666668,40.6784
24080889042010,33.11057692307692,0,31.41428571428571,77,0,4,26.35601923076923,0,25.00577142857143
24080889053010,111.38888888888889,0,45.457142857142856,100,1,5,77.97222222222221,0,31.819999999999997
24081255042050,45.543269230769226,0,33.364285714285714,64,0,4,36.252442307692306,0,26.55797142857143
24081255043010,90.70192307692308,0,30.15,100,1,4,72.19873076923078,0,23.9994
24081255043020,70.16346153846155,0,38.16428571428571,81,1,4,55.85011538461539,0,30.378771428571426
24081255043030,66.90384615384616,0,14.421428571428574,54,0,4,53.255461538461546,0,11.479457142857147
24081255043040,27.98076923076923,0,17.65714285714286,22,0,4,22.272692307692306,0,14.055085714285717
24081255051010,99.04523809523809,0,30.34285714285714,79,1,5,69.33166666666666,0,21.24
24081255051020,27.67142857142857,0,6.9714285714285715,24,0,5,19.369999999999997,0,4.88
24081255051030,74.67777777777778,0,28.085714285714285,57,1,5,52.27444444444444,0,19.66
24081255051040,70.3626984126984,0,32.91428571428571,55,1,5,49.25388888888888,0,23.039999999999996
24081255051050,83.07857142857142,0,41.8,89,1,5,58.154999999999994,0,29.259999999999994
24081255051060,84.19999999999999,0,36.22857142857143,54,1,5,58.93999999999999,0,25.36
24081255051070,100.37301587301587,0,40.628571428571426,88,1,5,70.2611111111111,0,28.439999999999998
24081255051080,59.591269841269835,0,35.285714285714285,68,1,5,41.71388888888888,0,24.7
24081255051090,49.731746031746034,0,28.742857142857144,65,0,5,34.812222222222225,0,20.12
24081255051100,74.61904761904762,0,38.05714285714286,62,1,5,52.233333333333334,0,26.639999999999997
24081255051120,37.56825396825397,0,34.74285714285715,70,0,5,26.297777777777778,0,24.32
24081255052020,88.96190476190476,0,21.114285714285714,76,0,5,62.273333333333326,0,14.78
24081255052030,78.19444444444444,0,21.542857142857144,86,0,5,54.73611111111111,0,15.08
24081255052090,52.86825396825397,0,29.914285714285715,61,0,5,37.007777777777775,0,20.939999999999998
24081255052100,96.22222222222223,0,42.028571428571425,82,1,5,67.35555555555555,0,29.419999999999995
24081255052120,57.59047619047619,0,24.34285714285714,63,0,5,40.31333333333333,0,17.04
24081355041010,62.60096153846154,0,29.849999999999994,54,1,4,49.83036538461539,0,23.760599999999997
24081355051020,87.41825396825396,0,21.34285714285714,45,0,5,61.19277777777777,0,14.939999999999998
24081355051030,55.62380952380952,0,18.542857142857144,100,0,5,38.93666666666666,0,12.98
24081355051040,67.35238095238094,0,49.42857142857143,75,1,5,47.146666666666654,0,34.6
24081455051030,94.92857142857142,0,26.37142857142857,70,0,5,66.44999999999999,0,18.459999999999997
24081455052010,15.33174603174603,0,11.371428571428572,12,0,5,10.732222222222221,0,7.96
24081455052020,85.96825396825398,0,26.91428571428571,77,0,5,60.17777777777778,0,18.839999999999996
24081455053010,66.17857142857142,0,37.31428571428572,88,1,5,46.32499999999999,0,26.12
24081555042020,50.043269230769226,0,33.02142857142857,87,0,4,39.834442307692306,0,26.285057142857145
24081555051030,54.2515873015873,0,37.31428571428572,74,1,5,37.97611111111111,0,26.12
24081555052010,52.602380952380955,0,27.542857142857144,74,0,5,36.821666666666665,0,19.28
24081555052030,58.413492063492065,0,5.571428571428571,12,0,5,40.88944444444444,0,3.8999999999999995
24081555053110,66.57539682539682,0,13.942857142857143,61,0,5,46.602777777777774,0,9.76
24081589032030,21.03331214240305,8.0,28.808333333333337,48,0,3,18.845847679593135,7.168,25.81226666666667
24081589032040,21.51926255562619,11.11111111111111,30.94166666666667,36,0,3,19.281259249841067,9.955555555555556,27.723733333333335
24081589032080,16.590686586141132,20.22222222222222,23.808333333333337,65,0,3,14.865255181182455,18.11911111111111,21.33226666666667
24081589033010,46.92323585505404,56.0,56.89583333333333,100,1,3,42.04321932612842,50.176,50.97866666666666
24081589033030,18.585251112523842,19.111111111111114,19.85,58,0,3,16.652384996821365,17.12355555555556,17.785600000000002
24081589033060,10.79109980928163,22.88888888888889,40.825,77,0,3,9.66882542911634,20.508444444444446,36.5792
24081589033070,24.265257469802926,19.111111111111114,25.708333333333336,37,0,3,21.741670692943423,17.12355555555556,23.03466666666667
24081589043040,42.418269230769226,0,31.414285714285715,49,0,4,33.76494230769231,0,25.005771428571432
24081589043050,51.38942307692308,0,47.16428571428572,81,1,4,40.90598076923077,0,37.542771428571434
24081655041050,80.20192307692308,0,45.878571428571426,100,1,4,63.840730769230774,0,36.51934285714286
24081655041080,50.769230769230774,0,21.814285714285713,71,0,4,40.4123076923077,0,17.364171428571428
24081655043010,49.418269230769226,0,19.54285714285714,27,0,4,39.336942307692304,0,15.556114285714285
24081655051010,91.42857142857143,0,24.34285714285714,67,0,5,64.0,0,17.04
24081655051020,77.16666666666666,0,18.771428571428572,50,0,5,54.01666666666666,0,13.14
24081655051030,56.68571428571428,0,32.48571428571428,77,1,5,39.67999999999999,0,22.739999999999995
24081655052010,98.36111111111111,0,25.085714285714285,68,0,5,68.85277777777777,0,17.56
24081655052020,63.73968253968253,0,37.31428571428572,65,1,5,44.61777777777777,0,26.12
24081655053040,56.628571428571426,0,28.742857142857144,53,1,5,39.63999999999999,0,20.12
24081655053050,72.52777777777777,0,42.885714285714286,70,1,5,50.76944444444444,0,30.02
24081655053060,64.6126984126984,0,24.34285714285714,100,0,5,45.22888888888888,0,17.04
24081755031010,18.363064208518754,17.77777777777778,25.954166666666666,48,0,3,16.453305530832804,15.92888888888889,23.254933333333334
24081755043040,41.48557692307692,0,13.114285714285714,10,0,4,33.02251923076923,0,10.43897142857143
24081755051020,31.57777777777778,0,16.942857142857143,12,0,5,22.104444444444443,0,11.86
24081755051050,84.48412698412699,0,29.485714285714284,68,1,5,59.138888888888886,0,20.639999999999997
24081755051060,82.19047619047619,0,40.628571428571426,75,1,5,57.53333333333333,0,28.439999999999998
24081755051070,106.55714285714285,0,32.91428571428571,61,1,5,74.58999999999999,0,23.039999999999996
24081755051080,110.40079365079364,0,45.457142857142856,88,1,5,77.28055555555555,0,31.819999999999997
24081755051090,111.55555555555554,0,26.6,82,0,5,78.08888888888887,0,18.62
24081755051100,67.4,0,35.91428571428571,88,1,5,47.18,0,25.139999999999997
24081755051110,53.16825396825397,0,25.942857142857143,75,0,5,37.217777777777776,0,18.16
24081755051120,63.79126984126984,0,35.91428571428571,100,1,5,44.653888888888886,0,25.139999999999997
24081755052010,37.929365079365084,0,18.771428571428572,23,0,5,26.550555555555558,0,13.14
24081755052020,65.67539682539683,0,15.77142857142857,35,0,5,45.97277777777778,0,11.04
24081755052030,78.17857142857143,0,25.085714285714285,75,0,5,54.725,0,17.56
24081755052040,93.17222222222222,0,45.885714285714286,100,1,5,65.22055555555555,0,32.12
24081755052050,62.084920634920636,0,25.942857142857143,82,0,5,43.45944444444444,0,18.16
24081755052070,62.73412698412699,0,37.31428571428572,64,1,5,43.91388888888889,0,26.12
24081755052080,52.201587301587296,0,31.314285714285717,54,0,5,36.54111111111111,0,21.92
24081755052100,90.40079365079364,0,26.17142857142857,39,0,5,63.280555555555544,0,18.319999999999997
24081755052120,93.9063492063492,0,37.74285714285715,100,1,5,65.73444444444443,0,26.42
24081755053010,65.4063492063492,0,32.05714285714286,74,1,5,45.78444444444444,0,22.439999999999998
24081755053030,40.75555555555555,0,14.371428571428572,25,0,5,28.528888888888886,0,10.06
24081755053050,66.8031746031746,0,24.34285714285714,82,0,5,46.76222222222221,0,17.04
24081755053060,68.71190476190476,0,36.14285714285714,100,1,5,48.09833333333333,0,25.299999999999997
24081755053070,38.102380952380955,0,21.34285714285714,58,0,5,26.671666666666667,0,14.939999999999998
24081755053080,75.13174603174603,0,31.742857142857144,77,1,5,52.59222222222222,0,22.22
24081755053090,94.98412698412699,0,36.457142857142856,67,1,5,66.4888888888889,0,25.519999999999996
24081755053100,58.58888888888889,0,25.514285714285716,88,0,5,41.01222222222222,0,17.86
24081755053110,74.3452380952381,0,35.05714285714286,64,1,5,52.04166666666667,0,24.54
24081755053120,100.47222222222223,0,44.285714285714285,88,1,5,70.33055555555555,0,30.999999999999996
24082155041050,32.855769230769226,0,29.507142857142856,45,0,4,26.153192307692304,0,23.487685714285714
24082155041090,65.95192307692308,0,32.74285714285714,67,1,4,52.49773076923078,0,26.063314285714284
24082155041100,28.91826923076923,0,32.05714285714286,45,0,4,23.01894230769231,0,25.517485714285716
24082155041110,40.105769230769226,0,21.83571428571429,55,0,4,31.924192307692305,0,17.381228571428576
24082155041120,25.35576923076923,0,14.121428571428574,32,0,4,20.18319230769231,0,11.240657142857145
24082155042020,64.95192307692308,0,17.614285714285714,58,0,4,51.70173076923077,0,14.020971428571428
24082155042110,60.96634615384615,0,26.935714285714287,67,1,4,48.52921153846154,0,21.440828571428572
24082155042120,32.293269230769226,0,14.442857142857143,14,0,4,25.705442307692305,0,11.496514285714287
24082155043090,23.990384615384613,0,26.957142857142856,29,0,4,19.096346153846152,0,21.457885714285712
24082155051030,80.43412698412698,0,20.371428571428574,50,0,5,56.30388888888888,0,14.26
24082155051040,38.93174603174603,0,23.91428571428571,26,0,5,27.25222222222222,0,16.74
24082155051060,25.79206349206349,0,17.371428571428574,14,0,5,18.054444444444442,0,12.16
24082155051070,29.365873015873017,0,15.114285714285714,23,0,5,20.55611111111111,0,10.579999999999998
24082155052010,31.079365079365083,0,17.371428571428574,0,0,5,21.755555555555556,0,12.16
24082155052030,68.4952380952381,0,36.885714285714286,58,1,5,47.946666666666665,0,25.82
24082155052050,75.02777777777777,0,9.971428571428572,37,0,5,52.51944444444444,0,6.9799999999999995
24082155052060,60.523809523809526,0,27.34285714285714,56,1,5,42.36666666666667,0,19.139999999999997
24082155052070,110.65079365079364,0,37.74285714285715,82,1,5,77.45555555555555,0,26.42
24082155052080,94.70634920634922,0,27.34285714285714,54,1,5,66.29444444444445,0,19.139999999999997
24082155052090,68.3111111111111,0,21.428571428571427,54,0,5,47.81777777777777,0,14.999999999999998
24082155052100,52.68571428571428,0,18.34285714285714,23,0,5,36.879999999999995,0,12.839999999999998
24082155053010,77.89047619047619,0,20.371428571428574,70,0,5,54.52333333333333,0,14.26
24082155053020,41.43015873015873,0,31.742857142857144,35,0,5,29.001111111111108,0,22.22
24082155053030,118.33333333333334,0,52.42857142857143,100,1,5,82.83333333333333,0,36.699999999999996
24082155053040,55.85793650793651,0,15.77142857142857,23,0,5,39.10055555555555,0,11.04
24082155053050,50.51904761904762,0,13.4,60,0,5,35.36333333333333,0,9.379999999999999
